_id,first_name,last_name,email,gender,ip_address
1,Carroll,Feldbau,cfeldbau0@cdbaby.com,Female,182.214.230.192
2,Johnathon,Garrold,jgarrold1@yellowpages.com,Polygender,72.106.116.216
3,Dianna,Grimmolby,dgrimmolby2@upenn.edu,Female,69.62.90.74
4,Vivi,Lynd,vlynd3@chronoengine.com,Female,244.111.192.10
5,Burlie,Newing,bnewing4@reverbnation.com,Male,158.238.53.70
6,Luci,Lenihan,llenihan5@delicious.com,Female,158.87.169.197
7,Sayre,Roller,sroller6@studiopress.com,Male,94.243.12.104
8,Mortie,Dood,mdood7@statcounter.com,Male,21.56.232.193
9,Rem,Jevons,rjevons8@mashable.com,Male,84.35.157.72
10,Tedman,Scutter,tscutter9@sitemeter.com,Male,221.177.196.246
11,Jenelle,Coope,jcoopea@prlog.org,Agender,12.161.217.105
12,Morley,Sander,msanderb@reference.com,Male,58.174.53.189
13,Eal,Eckart,eeckartc@hugedomains.com,Male,237.173.196.73
14,Erek,Hayter,ehayterd@cam.ac.uk,Male,116.152.68.208
15,Gary,De Rye Barrett,gderyebarrette@bluehost.com,Male,126.149.67.193
16,Jill,Ambroziak,jambroziakf@smugmug.com,Female,26.58.197.0
17,Sybil,Toghill,stoghillg@quantcast.com,Female,12.68.121.223
18,Fleming,Buard,fbuardh@multiply.com,Male,76.201.147.226
19,Marvin,Gullick,mgullicki@blogger.com,Male,244.39.117.79
20,Constantina,Cowx,ccowxj@lycos.com,Female,181.129.128.150
21,Boone,Gusticke,bgustickek@free.fr,Male,233.37.76.235
22,Rees,How,rhowl@miibeian.gov.cn,Male,252.30.169.151
23,Llewellyn,Quince,lquincem@yellowpages.com,Male,27.179.138.199
24,Amberly,Barthelet,abartheletn@ucla.edu,Genderqueer,174.51.152.216
25,Chrotoem,McLewd,cmclewdo@prlog.org,Male,234.3.160.153
26,Fonzie,Lambrick,flambrickp@admin.ch,Male,100.203.215.6
27,Euphemia,Tebbet,etebbetq@yahoo.co.jp,Female,130.248.228.10
28,Evangelia,Twelftree,etwelftreer@sitemeter.com,Female,175.125.234.22
29,Nealy,Burton,nburtons@elegantthemes.com,Male,241.42.117.222
30,Ilyssa,Cuttin,icuttint@squidoo.com,Genderfluid,26.142.228.1
31,Mickie,Hosby,mhosbyu@ibm.com,Female,153.18.96.173
32,Birgitta,Gillow,bgillowv@wikispaces.com,Female,215.81.164.237
33,Desiri,Kimbly,dkimblyw@paginegialle.it,Female,40.248.185.225
34,Cosmo,Micah,cmicahx@cnn.com,Male,19.213.92.136
35,Kirby,Meron,kmerony@cmu.edu,Male,117.103.128.185
36,Kinsley,Marien,kmarienz@cbc.ca,Genderqueer,31.160.56.63
37,Ferdinand,MacCaghan,fmaccaghan10@ocn.ne.jp,Male,216.27.43.241
38,Priscella,Decreuze,pdecreuze11@histats.com,Female,217.212.0.107
39,Trisha,Belcher,tbelcher12@cafepress.com,Genderqueer,249.176.230.83
40,Franky,Heinle,fheinle13@umn.edu,Female,170.102.53.109
41,Lucius,Lindenberg,llindenberg14@example.com,Male,95.95.222.130
42,Harold,Mullany,hmullany15@blinklist.com,Male,219.196.92.232
43,Katerina,Climson,kclimson16@businessweek.com,Non-binary,164.197.38.108
44,Radcliffe,Fenimore,rfenimore17@t.co,Male,255.129.57.45
45,Westley,Swancott,wswancott18@nhs.uk,Male,148.93.102.215
46,Daisie,Ladewig,dladewig19@example.com,Female,239.206.110.212
47,Alexandro,Cadalleder,acadalleder1a@springer.com,Male,35.230.107.85
48,Talia,Espie,tespie1b@wisc.edu,Female,228.174.227.216
49,Ronny,Minero,rminero1c@youtu.be,Female,87.112.97.242
50,Seline,Elleray,selleray1d@chicagotribune.com,Bigender,53.47.68.162
51,Dee dee,Spelwood,dspelwood1e@mashable.com,Female,101.43.20.145
52,Timoteo,Pellant,tpellant1f@whitehouse.gov,Male,105.197.194.100
53,Maryanne,Stedman,mstedman1g@macromedia.com,Female,41.38.71.72
54,Melesa,Messenger,mmessenger1h@devhub.com,Female,82.159.54.239
55,Corny,Robinet,crobinet1i@moonfruit.com,Female,1.103.108.151
56,Edgardo,Stainson,estainson1j@kickstarter.com,Male,72.148.176.84
57,Terencio,Laird-Craig,tlairdcraig1k@springer.com,Male,78.195.164.157
58,Chantalle,Tumulty,ctumulty1l@msu.edu,Polygender,104.227.161.40
59,Mischa,Fryett,mfryett1m@google.es,Genderfluid,28.248.245.214
60,Elbertina,Rasper,erasper1n@github.com,Female,157.48.100.79
61,Wilbert,Kimberley,wkimberley1o@wp.com,Male,207.0.45.139
62,Pasquale,Hitzmann,phitzmann1p@unc.edu,Genderqueer,12.61.252.39
63,Normand,Rydzynski,nrydzynski1q@joomla.org,Male,12.15.74.162
64,Row,Rodman,rrodman1r@vkontakte.ru,Female,37.249.139.157
65,Pebrook,MacPhaden,pmacphaden1s@patch.com,Non-binary,60.150.97.181
66,Ivor,Rissen,irissen1t@mashable.com,Male,183.162.47.214
67,Sarette,Marzelle,smarzelle1u@youtu.be,Female,234.243.171.147
68,Steward,Stone Fewings,sstonefewings1v@hud.gov,Male,104.223.47.182
69,Tarrance,Honeywood,thoneywood1w@t.co,Male,55.222.31.155
70,Shanda,Arrigo,sarrigo1x@ning.com,Female,15.171.186.6
71,Tallou,Undy,tundy1y@omniture.com,Female,28.141.239.165
72,Edwina,Antoniades,eantoniades1z@symantec.com,Female,59.238.128.189
73,Barbey,Merrick,bmerrick20@vimeo.com,Female,159.152.99.25
74,Kimmy,Paz,kpaz21@cnet.com,Female,115.219.68.149
75,Raddie,Laughton,rlaughton22@amazon.de,Male,8.59.101.38
76,Faunie,Espadate,fespadate23@webmd.com,Female,203.105.12.254
77,Jamil,Plowright,jplowright24@ovh.net,Male,16.118.76.78
78,Chris,Grishukhin,cgrishukhin25@statcounter.com,Female,4.107.61.98
79,Fraze,Lesmonde,flesmonde26@cdbaby.com,Male,185.192.21.70
80,Guntar,Pendred,gpendred27@amazon.co.jp,Male,149.83.244.73
81,Griffith,Hardistry,ghardistry28@ask.com,Male,101.63.62.125
82,Tamara,Hearl,thearl29@cornell.edu,Female,11.253.167.189
83,Julieta,Zellner,jzellner2a@state.tx.us,Female,169.130.227.163
84,Floris,Crew,fcrew2b@facebook.com,Female,203.166.12.230
85,Dulcia,Branch,dbranch2c@icq.com,Female,248.197.149.153
86,Luke,Stiell,lstiell2d@ovh.net,Male,51.134.122.187
87,Garald,Lynskey,glynskey2e@redcross.org,Male,220.44.211.207
88,Hanan,Batisse,hbatisse2f@opera.com,Male,109.10.94.208
89,Shirleen,Buttrum,sbuttrum2g@cocolog-nifty.com,Female,1.150.242.58
90,Dena,Gilkison,dgilkison2h@free.fr,Female,96.138.236.44
91,Inger,Tamburo,itamburo2i@biglobe.ne.jp,Male,59.218.140.145
92,Antonella,Thonger,athonger2j@ted.com,Polygender,213.209.238.129
93,Rafaellle,Colman,rcolman2k@trellian.com,Non-binary,144.144.165.124
94,Janeta,Creany,jcreany2l@msn.com,Female,182.221.155.202
95,Alvis,Batistelli,abatistelli2m@blog.com,Male,87.205.52.150
96,Conrade,Whether,cwhether2n@usatoday.com,Agender,104.244.25.29
97,Joleen,Damper,jdamper2o@techcrunch.com,Female,133.72.217.216
98,Gregoire,Paz,gpaz2p@360.cn,Male,60.59.215.143
99,Eamon,Yewdall,eyewdall2q@nasa.gov,Male,69.12.248.165
100,Nathanael,Carlone,ncarlone2r@google.de,Male,168.127.235.220
101,Ludwig,Presidey,lpresidey2s@pcworld.com,Male,96.96.24.66
102,Annmarie,Smallwood,asmallwood2t@twitpic.com,Female,246.210.117.122
103,Cherish,Coggon,ccoggon2u@addtoany.com,Female,126.182.178.253
104,Albertina,Moncreiffe,amoncreiffe2v@dedecms.com,Female,171.66.234.179
105,Madison,Laxe,mlaxe2w@opera.com,Male,2.44.81.197
106,Tish,Leades,tleades2x@icq.com,Female,144.38.41.133
107,Kelsy,Tinniswood,ktinniswood2y@zdnet.com,Female,98.133.153.79
108,Raye,Millson,rmillson2z@cyberchimps.com,Female,233.167.199.32
109,Constantino,Bonett,cbonett30@nps.gov,Male,74.89.22.44
110,Madelene,Ledrane,mledrane31@admin.ch,Female,177.71.150.145
111,Tammie,Skala,tskala32@omniture.com,Male,162.4.105.157
112,Orelle,Arnot,oarnot33@squidoo.com,Female,108.104.236.3
113,Devina,Van Halle,dvanhalle34@webmd.com,Agender,129.227.60.128
114,Brett,Need,bneed35@last.fm,Male,57.35.73.40
115,Nicko,Mitchley,nmitchley36@mozilla.com,Male,155.151.221.133
116,Ofella,Barmadier,obarmadier37@friendfeed.com,Female,231.65.155.59
117,Glynn,MacTrustram,gmactrustram38@yahoo.co.jp,Male,133.248.67.173
118,Elonore,Brittlebank,ebrittlebank39@pinterest.com,Female,171.210.170.249
119,Odie,Briston,obriston3a@diigo.com,Male,191.104.159.128
120,Shaylah,Godwin,sgodwin3b@newsvine.com,Female,145.130.170.21
121,Virgina,Pennicott,vpennicott3c@chronoengine.com,Female,138.53.151.92
122,Merl,MacKim,mmackim3d@sitemeter.com,Female,254.201.26.102
123,Maribeth,Bennit,mbennit3e@msu.edu,Female,98.96.83.40
124,Ambrosio,Allsebrook,aallsebrook3f@wikispaces.com,Male,136.235.103.103
125,Kelwin,Blest,kblest3g@irs.gov,Male,20.233.214.23
126,Karlik,Rossborough,krossborough3h@multiply.com,Male,11.28.202.202
127,Rainer,Bessom,rbessom3i@boston.com,Male,127.181.40.162
128,Bernardina,Gorelli,bgorelli3j@homestead.com,Female,158.153.89.178
129,Rutherford,Janoschek,rjanoschek3k@princeton.edu,Male,189.90.217.199
130,Corrie,O'Codihie,cocodihie3l@so-net.ne.jp,Female,229.142.170.67
131,Bail,Abbison,babbison3m@mediafire.com,Male,10.6.37.129
132,Dyna,Walshe,dwalshe3n@ed.gov,Female,208.199.98.209
133,Asa,Glencros,aglencros3o@jimdo.com,Male,253.116.217.202
134,Rowland,Yitzhok,ryitzhok3p@dot.gov,Male,168.255.97.3
135,Addison,Harries,aharries3q@baidu.com,Male,19.248.127.179
136,Dennie,Emnoney,demnoney3r@vk.com,Male,82.153.108.21
137,Rodrique,Craighall,rcraighall3s@scribd.com,Male,240.63.119.67
138,Glynnis,Flanigan,gflanigan3t@ca.gov,Female,45.87.140.157
139,Braden,Bertouloume,bbertouloume3u@biglobe.ne.jp,Male,126.222.95.40
140,Danni,Crebbin,dcrebbin3v@hp.com,Female,27.213.119.215
141,Carolan,Augie,caugie3w@deviantart.com,Female,194.171.191.229
142,Rozella,Brennand,rbrennand3x@cyberchimps.com,Female,177.233.184.106
143,Adriena,Ison,aison3y@house.gov,Female,196.127.248.249
144,Maurizio,Spilstead,mspilstead3z@themeforest.net,Male,26.182.212.101
145,Nathan,Habard,nhabard40@phoca.cz,Male,176.150.235.87
146,Ilyse,Lamont,ilamont41@elegantthemes.com,Female,3.222.35.31
147,Jaimie,Shepperd,jshepperd42@nyu.edu,Male,52.175.254.117
148,Derrick,Sijmons,dsijmons43@bluehost.com,Male,175.240.133.85
149,Olag,Leathard,oleathard44@privacy.gov.au,Male,46.126.15.161
150,Leonardo,Blemings,lblemings45@tamu.edu,Male,5.6.15.81
151,Christine,Griffitt,cgriffitt46@forbes.com,Agender,161.177.164.84
152,Wyatt,Mattis,wmattis47@4shared.com,Male,233.251.116.17
153,Salvidor,Dagger,sdagger48@smh.com.au,Male,140.229.227.185
154,Laryssa,Lejeune,llejeune49@yellowpages.com,Female,8.68.71.232
155,Cully,Prendeville,cprendeville4a@sciencedirect.com,Male,210.240.94.113
156,Marcie,Egre,megre4b@hugedomains.com,Female,37.194.224.38
157,Ario,Beccero,abeccero4c@ask.com,Male,46.241.44.191
158,Theresita,Dobel,tdobel4d@columbia.edu,Female,199.181.98.115
159,Zackariah,Spackman,zspackman4e@princeton.edu,Male,22.112.201.243
160,Trudey,Ludovici,tludovici4f@imageshack.us,Genderqueer,204.79.176.174
161,Marja,McDougall,mmcdougall4g@cbc.ca,Female,189.245.189.28
162,Britt,Elder,belder4h@eventbrite.com,Male,172.212.91.100
163,Neall,Boddie,nboddie4i@pcworld.com,Male,12.89.75.219
164,Johnna,Martinolli,jmartinolli4j@ask.com,Female,164.119.140.149
165,Eirena,Yitzovitz,eyitzovitz4k@baidu.com,Female,240.28.196.118
166,Curcio,Bach,cbach4l@salon.com,Male,227.226.211.210
167,Danny,Shelborne,dshelborne4m@trellian.com,Male,82.186.231.23
168,Eli,Esp,eesp4n@umn.edu,Male,210.158.183.57
169,Rourke,Secretan,rsecretan4o@google.de,Male,62.64.83.30
170,Christean,Spinozzi,cspinozzi4p@weebly.com,Female,229.211.135.206
171,Wrennie,Postles,wpostles4q@adobe.com,Female,241.219.202.215
172,Mickie,Ayars,mayars4r@time.com,Male,129.12.141.25
173,Elsbeth,Caban,ecaban4s@photobucket.com,Female,4.66.61.94
174,Duffie,Drennan,ddrennan4t@altervista.org,Male,77.24.197.1
175,Freemon,Brodie,fbrodie4u@php.net,Male,19.250.2.49
176,Whitman,Simkins,wsimkins4v@hugedomains.com,Agender,52.230.245.5
177,Ricca,Test,rtest4w@opera.com,Female,223.240.60.198
178,Monika,Davidovitz,mdavidovitz4x@networksolutions.com,Female,246.66.177.135
179,Lilllie,Peggrem,lpeggrem4y@spotify.com,Female,7.118.250.191
180,Arvin,Wigglesworth,awigglesworth4z@jugem.jp,Male,165.119.174.193
181,Frederica,Bythell,fbythell50@sciencedaily.com,Female,118.252.175.81
182,Claudie,Wignall,cwignall51@sourceforge.net,Female,21.194.175.37
183,Jesse,Walthew,jwalthew52@yelp.com,Male,166.236.168.78
184,Alfy,Escalera,aescalera53@icq.com,Male,2.212.216.240
185,Aubrey,Organer,aorganer54@free.fr,Female,157.178.58.60
186,Alfons,Taborre,ataborre55@google.co.jp,Male,57.114.24.15
187,Aime,Bienvenu,abienvenu56@yahoo.com,Female,134.232.163.39
188,Townie,Northridge,tnorthridge57@businessweek.com,Male,108.245.209.72
189,Melvin,Gasker,mgasker58@wordpress.com,Male,238.149.109.204
190,Ritchie,Mutch,rmutch59@angelfire.com,Non-binary,194.39.79.115
191,Sheridan,MacCosty,smaccosty5a@shareasale.com,Male,56.156.190.234
192,Kirsten,Aguirrezabal,kaguirrezabal5b@intel.com,Female,170.73.81.5
193,Karie,Meneghelli,kmeneghelli5c@vimeo.com,Female,141.127.254.51
194,Godfree,Lionel,glionel5d@mlb.com,Male,160.217.84.193
195,Ingra,Maudlin,imaudlin5e@nymag.com,Male,95.73.126.222
196,Vallie,Lovelady,vlovelady5f@nifty.com,Female,164.145.84.68
197,Dedra,Stannislawski,dstannislawski5g@dmoz.org,Female,144.13.70.52
198,Coletta,Shalcros,cshalcros5h@oaic.gov.au,Female,158.21.195.247
199,Rebbecca,McMonies,rmcmonies5i@nhs.uk,Female,147.201.229.252
200,Arlan,Dykas,adykas5j@etsy.com,Male,223.180.55.79
201,Dyann,Grivori,dgrivori5k@examiner.com,Genderqueer,231.60.225.144
202,Siusan,Colleford,scolleford5l@sakura.ne.jp,Female,220.146.160.56
203,Valli,Winckle,vwinckle5m@utexas.edu,Female,246.158.117.244
204,Fidelio,Ruller,fruller5n@businessweek.com,Agender,229.48.228.20
205,Arlyne,Tether,atether5o@elpais.com,Female,179.244.249.235
206,Jodi,Conklin,jconklin5p@yolasite.com,Female,171.230.246.57
207,Yetta,Hodinton,yhodinton5q@goo.ne.jp,Female,30.194.63.7
208,Stacey,Hurdle,shurdle5r@cmu.edu,Female,196.230.104.149
209,Owen,Truder,otruder5s@squidoo.com,Male,46.250.249.140
210,Craggie,Rablin,crablin5t@youku.com,Male,186.201.204.22
211,Dall,Ebbings,debbings5u@hhs.gov,Male,31.216.74.222
212,Chicky,Taggart,ctaggart5v@trellian.com,Male,173.186.133.84
213,Alwyn,Jayme,ajayme5w@dropbox.com,Male,4.181.182.18
214,Benedict,Farfull,bfarfull5x@unblog.fr,Male,245.135.8.71
215,Leonelle,O'Luby,loluby5y@spiegel.de,Female,89.187.169.194
216,Kristoforo,Cullagh,kcullagh5z@wordpress.com,Male,171.224.225.224
217,Wood,Tudball,wtudball60@dot.gov,Genderqueer,52.47.97.15
218,Quinlan,Pinnion,qpinnion61@nba.com,Male,179.122.169.143
219,Darlleen,Bartolomucci,dbartolomucci62@sohu.com,Female,152.232.174.68
220,Ingaborg,Janout,ijanout63@icq.com,Genderfluid,249.13.142.63
221,Linnet,Grzesiak,lgrzesiak64@webs.com,Female,251.69.228.252
222,Ranna,Wooster,rwooster65@ed.gov,Female,85.244.102.85
223,Guntar,Vacher,gvacher66@mediafire.com,Male,74.73.136.216
224,Wallace,Eaglen,weaglen67@chron.com,Male,97.155.185.81
225,Lucie,Cheese,lcheese68@1und1.de,Female,240.53.202.210
226,Sylvia,Zanussii,szanussii69@barnesandnoble.com,Genderfluid,168.87.120.15
227,Chance,Greaser,cgreaser6a@hhs.gov,Male,39.133.138.116
228,Lemuel,Valentelli,lvalentelli6b@paypal.com,Male,63.83.199.203
229,Frederica,Farens,ffarens6c@chron.com,Female,195.132.234.210
230,Thaddus,Dobbyn,tdobbyn6d@people.com.cn,Male,242.218.107.33
231,Marne,Nagle,mnagle6e@merriam-webster.com,Genderqueer,215.124.139.168
232,Hartley,Mintoft,hmintoft6f@accuweather.com,Male,208.163.28.164
233,Esmaria,Andryushchenko,eandryushchenko6g@gmpg.org,Female,247.95.95.198
234,Davida,Veryard,dveryard6h@wordpress.com,Female,27.50.252.128
235,Almeta,Calbreath,acalbreath6i@dagondesign.com,Female,224.255.222.173
236,Sunny,Eatttok,seatttok6j@sciencedirect.com,Male,43.131.83.212
237,Merridie,Bereford,mbereford6k@cafepress.com,Female,27.180.118.38
238,Pietra,Meeson,pmeeson6l@answers.com,Female,138.77.166.223
239,Bastian,Woolfenden,bwoolfenden6m@sina.com.cn,Male,168.45.171.196
240,Allan,MacColgan,amaccolgan6n@mapy.cz,Male,220.139.214.68
241,Raoul,Spread,rspread6o@bizjournals.com,Male,59.181.46.187
242,Cully,Shoulder,cshoulder6p@zdnet.com,Male,68.51.226.138
243,Nessi,Twatt,ntwatt6q@buzzfeed.com,Female,148.185.47.32
244,Aeriel,Grioli,agrioli6r@mapy.cz,Female,118.226.88.117
245,Jermain,Banker,jbanker6s@infoseek.co.jp,Bigender,185.102.205.206
246,Kalle,Harrell,kharrell6t@businesswire.com,Male,209.1.138.252
247,Barrie,Morrowe,bmorrowe6u@feedburner.com,Female,75.71.226.29
248,Lonny,Dolphin,ldolphin6v@phoca.cz,Male,11.30.57.241
249,Ferrell,Meindl,fmeindl6w@furl.net,Male,218.165.181.14
250,Iseabal,Guillond,iguillond6x@sfgate.com,Female,194.93.132.87
251,Chloe,Bolton,cbolton6y@paypal.com,Polygender,145.29.39.213
252,Benjamin,Tobias,btobias6z@eepurl.com,Male,206.210.164.54
253,Thacher,Widdall,twiddall70@icio.us,Male,71.73.175.62
254,Rockey,Bundey,rbundey71@wordpress.com,Male,184.2.31.3
255,Jack,Crotty,jcrotty72@redcross.org,Male,10.133.125.132
256,Frederica,Peppard,fpeppard73@hud.gov,Female,27.146.246.149
257,Thorin,Drieu,tdrieu74@alexa.com,Male,187.81.25.173
258,Emmott,Mowlam,emowlam75@toplist.cz,Genderqueer,37.74.52.209
259,Bret,Mordey,bmordey76@stumbleupon.com,Male,97.7.200.161
260,Jim,Thor,jthor77@hud.gov,Male,138.117.115.127
261,Anny,Umpleby,aumpleby78@slideshare.net,Female,168.69.130.252
262,Mead,Dawtrey,mdawtrey79@flickr.com,Male,14.81.147.237
263,Alexia,Gloves,agloves7a@comcast.net,Genderfluid,189.22.67.213
264,Nance,Rigate,nrigate7b@twitter.com,Female,7.46.14.121
265,Lenka,Harefoot,lharefoot7c@theglobeandmail.com,Female,142.234.188.99
266,Nickey,Befroy,nbefroy7d@statcounter.com,Male,197.179.133.170
267,Trever,Parley,tparley7e@usnews.com,Male,92.107.159.33
268,Rex,Fleckness,rfleckness7f@g.co,Non-binary,86.204.174.155
269,Sidney,Kohter,skohter7g@paginegialle.it,Male,247.160.193.137
270,Huntlee,Gribben,hgribben7h@facebook.com,Male,69.138.206.116
271,Ricky,Eakens,reakens7i@e-recht24.de,Male,226.196.226.23
272,Devlen,Baulch,dbaulch7j@friendfeed.com,Male,86.23.186.244
273,Roscoe,Laborda,rlaborda7k@indiatimes.com,Male,205.115.55.1
274,Lauren,Lyston,llyston7l@google.cn,Male,146.70.157.43
275,Garik,Maxworthy,gmaxworthy7m@merriam-webster.com,Male,191.29.6.157
276,Blake,Priddey,bpriddey7n@furl.net,Male,166.220.182.136
277,Franchot,Mathwin,fmathwin7o@pagesperso-orange.fr,Male,21.41.136.225
278,Ruddy,Monnelly,rmonnelly7p@upenn.edu,Male,241.114.102.150
279,Holden,Fieldstone,hfieldstone7q@freewebs.com,Male,96.19.247.84
280,Darelle,Low,dlow7r@hibu.com,Female,125.210.104.248
281,Rebe,Norcott,rnorcott7s@patch.com,Female,178.189.252.136
282,Augie,Boumphrey,aboumphrey7t@jigsy.com,Male,247.40.99.175
283,Si,Cerro,scerro7u@zdnet.com,Male,232.161.25.134
284,Tiebold,Siegertsz,tsiegertsz7v@google.nl,Male,104.103.46.112
285,Hallsy,Beames,hbeames7w@shutterfly.com,Male,201.73.116.131
286,Chrissy,Huffa,chuffa7x@ocn.ne.jp,Female,177.152.83.15
287,Bryanty,Domeney,bdomeney7y@elegantthemes.com,Male,72.170.220.208
288,Amargo,Adam,aadam7z@bandcamp.com,Female,139.14.254.0
289,Delbert,Andrieu,dandrieu80@ftc.gov,Male,117.35.50.242
290,Aline,Lacaze,alacaze81@symantec.com,Female,236.252.59.85
291,Liva,Gaukroger,lgaukroger82@shutterfly.com,Female,177.181.52.136
292,Cleveland,Peckham,cpeckham83@123-reg.co.uk,Male,175.55.135.125
293,Yoshiko,Blondel,yblondel84@networkadvertising.org,Polygender,208.194.124.84
294,Standford,Wakes,swakes85@newyorker.com,Male,116.137.176.179
295,Dietrich,Tattersill,dtattersill86@cnet.com,Male,238.67.122.208
296,Violet,Tomczykowski,vtomczykowski87@nasa.gov,Female,184.124.56.144
297,Corney,Peasby,cpeasby88@pcworld.com,Male,134.8.21.232
298,Trev,Shepley,tshepley89@networkadvertising.org,Male,73.71.60.177
299,Teodora,Heustice,theustice8a@army.mil,Female,74.165.1.72
300,Link,Eat,leat8b@wikia.com,Male,150.191.177.172
301,Olivero,Vedikhov,ovedikhov8c@utexas.edu,Male,232.124.176.243
302,Herculie,Stocker,hstocker8d@com.com,Male,72.242.167.53
303,Kandy,Herrero,kherrero8e@newsvine.com,Female,164.17.205.188
304,Jaimie,Jacklin,jjacklin8f@ted.com,Female,124.127.176.174
305,Rhodia,Lethbridge,rlethbridge8g@narod.ru,Female,95.222.105.99
306,Donal,Queyos,dqueyos8h@ask.com,Male,148.48.102.153
307,Cristian,Epinay,cepinay8i@amazonaws.com,Male,225.74.181.185
308,Teodoor,Wiskar,twiskar8j@disqus.com,Male,152.105.248.203
309,Misha,von Hagt,mvonhagt8k@google.es,Non-binary,210.42.144.111
310,Cathrine,Glackin,cglackin8l@buzzfeed.com,Female,113.196.250.113
311,Zebadiah,Le Grys,zlegrys8m@imgur.com,Male,55.5.197.233
312,Elwyn,Simchenko,esimchenko8n@google.com.hk,Male,101.200.127.19
313,Albie,Meachem,ameachem8o@digg.com,Male,137.146.218.140
314,Perle,Carlile,pcarlile8p@narod.ru,Female,185.87.45.111
315,Dorey,Avramov,davramov8q@purevolume.com,Male,10.110.247.91
316,Skell,Hundy,shundy8r@dyndns.org,Male,228.200.230.189
317,Goddard,Newgrosh,gnewgrosh8s@sciencedirect.com,Male,3.119.233.228
318,Clarey,Nolte,cnolte8t@archive.org,Female,204.38.120.195
319,Ody,Hardway,ohardway8u@clickbank.net,Male,215.65.140.46
320,Allyn,Shoebrook,ashoebrook8v@so-net.ne.jp,Male,43.65.153.245
321,Florri,Broun,fbroun8w@ning.com,Agender,41.179.25.88
322,Marlo,Playford,mplayford8x@163.com,Male,196.113.94.136
323,Abigale,Garford,agarford8y@adobe.com,Female,130.152.100.195
324,Kirby,Faircliff,kfaircliff8z@army.mil,Male,240.240.106.77
325,Jackson,Boeck,jboeck90@ocn.ne.jp,Male,240.175.92.182
326,Haven,Rollins,hrollins91@weebly.com,Male,108.102.92.152
327,Buck,Thomkins,bthomkins92@google.co.uk,Male,141.239.34.21
328,Gustavo,Feighney,gfeighney93@google.com,Male,170.217.73.199
329,Ada,Sidaway,asidaway94@1und1.de,Female,252.157.220.80
330,Lib,Teale,lteale95@marriott.com,Agender,182.38.136.120
331,Olimpia,Dobbs,odobbs96@nbcnews.com,Female,242.234.58.4
332,Constanta,Climson,cclimson97@usnews.com,Female,14.206.191.41
333,Miguel,Paolicchi,mpaolicchi98@diigo.com,Male,90.247.100.15
334,Mamie,Nisbet,mnisbet99@umich.edu,Female,129.28.248.54
335,Collin,Scoullar,cscoullar9a@oakley.com,Male,193.75.80.169
336,Hugues,Bolstridge,hbolstridge9b@angelfire.com,Male,137.197.214.173
337,Shaylah,Pocke,spocke9c@netvibes.com,Female,202.7.127.112
338,Warner,Stockford,wstockford9d@mtv.com,Male,80.27.203.9
339,Ferdinande,Mcwhinney,fmcwhinney9e@wikipedia.org,Female,148.47.86.210
340,Morty,Cosham,mcosham9f@craigslist.org,Male,39.112.36.72
341,Nealon,Anetts,nanetts9g@dagondesign.com,Male,214.149.61.250
342,Zed,Franzetti,zfranzetti9h@adobe.com,Male,6.141.165.203
343,Saunderson,Frudd,sfrudd9i@tripod.com,Male,233.123.238.202
344,Nari,Lambrook,nlambrook9j@hc360.com,Female,35.206.22.103
345,Marquita,Lammie,mlammie9k@instagram.com,Female,254.130.212.60
346,Gabriel,Bonnet,gbonnet9l@ameblo.jp,Female,61.230.123.154
347,Quill,Shires,qshires9m@oracle.com,Male,209.32.154.213
348,Emmie,Nerger,energer9n@instagram.com,Female,205.172.76.234
349,Carmencita,Caville,ccaville9o@mediafire.com,Female,36.220.31.65
350,Giacobo,Downage,gdownage9p@angelfire.com,Male,9.36.12.187
351,Erin,Davidesco,edavidesco9q@mysql.com,Male,10.138.255.251
352,Seward,Covert,scovert9r@aboutads.info,Male,215.10.114.155
353,Daniella,Lindop,dlindop9s@businessinsider.com,Female,77.68.32.159
354,Vivianne,Collumbell,vcollumbell9t@patch.com,Genderfluid,84.32.161.28
355,Patrice,Melia,pmelia9u@qq.com,Female,42.242.75.7
356,Sigismund,Wayland,swayland9v@tumblr.com,Male,103.15.223.61
357,Roy,MacGarrity,rmacgarrity9w@qq.com,Male,168.153.181.241
358,Farra,Edgington,fedgington9x@webeden.co.uk,Female,18.14.47.187
359,Hannah,Birnie,hbirnie9y@archive.org,Female,106.198.222.250
360,Danyelle,Misselbrook,dmisselbrook9z@netvibes.com,Female,51.138.177.26
361,Carl,Elegood,celegooda0@nps.gov,Male,190.200.191.207
362,Cash,Hovie,choviea1@biblegateway.com,Male,102.93.195.162
363,Inglebert,Ackers,iackersa2@meetup.com,Male,137.21.60.160
364,Marguerite,Doleman,mdolemana3@arstechnica.com,Bigender,244.25.41.79
365,Evie,Skewis,eskewisa4@twitpic.com,Polygender,20.48.227.247
366,Chip,Attwool,cattwoola5@phoca.cz,Male,39.157.43.111
367,Case,Feehily,cfeehilya6@wix.com,Male,133.27.17.110
368,Darwin,Patey,dpateya7@sina.com.cn,Male,30.2.233.188
369,Gratia,Futcher,gfutchera8@foxnews.com,Genderqueer,47.92.164.0
370,Krishnah,Mains,kmainsa9@goo.gl,Polygender,51.231.33.41
371,Stephani,Joule,sjouleaa@joomla.org,Female,185.151.176.126
372,Cleon,Chable,cchableab@51.la,Male,26.83.33.80
373,Elena,Hymans,ehymansac@addthis.com,Genderfluid,164.94.143.56
374,Valery,Hagger,vhaggerad@youtu.be,Female,177.136.41.70
375,Dugald,Davidof,ddavidofae@people.com.cn,Male,197.237.199.199
376,Bud,Masham,bmashamaf@answers.com,Male,71.96.34.147
377,Weylin,Lyvon,wlyvonag@opera.com,Male,22.48.184.21
378,Sibylla,Pithcock,spithcockah@umich.edu,Female,130.193.220.176
379,Prudi,Strauss,pstraussai@theglobeandmail.com,Female,234.93.25.103
380,Kennith,Aldrich,kaldrichaj@amazon.co.uk,Male,146.176.181.75
381,Damon,McBride,dmcbrideak@newyorker.com,Male,94.6.255.155
382,Ignace,Eastgate,ieastgateal@yahoo.com,Male,181.84.229.230
383,Cesaro,Rabbe,crabbeam@amazon.com,Genderfluid,55.6.131.176
384,Eadmund,Plester,eplesteran@bloglines.com,Male,156.93.41.97
385,Harrison,Kemmish,hkemmishao@latimes.com,Male,106.253.202.105
386,Elisha,Elkington,eelkingtonap@craigslist.org,Female,68.201.22.114
387,Vonnie,Lockier,vlockieraq@meetup.com,Female,127.67.72.214
388,Isahella,Zapatero,izapateroar@people.com.cn,Genderqueer,217.217.210.77
389,Jarid,Newis,jnewisas@paginegialle.it,Male,20.160.246.252
390,Linet,Painswick,lpainswickat@deviantart.com,Female,166.84.191.143
391,Heidie,Dunmore,hdunmoreau@pen.io,Female,111.71.28.102
392,Karlie,Ganny,kgannyav@si.edu,Female,105.155.167.63
393,Agatha,Polle,apolleaw@who.int,Female,129.250.201.234
394,Hyacinthie,O'Loughlin,holoughlinax@yellowbook.com,Female,105.136.106.31
395,Albert,Rumble,arumbleay@ibm.com,Male,11.30.16.158
396,Violante,Manston,vmanstonaz@boston.com,Female,163.214.78.9
397,Amil,MacKintosh,amackintoshb0@mac.com,Female,135.28.71.81
398,Jean,McPhee,jmcpheeb1@abc.net.au,Female,82.37.21.243
399,Hercules,Mongan,hmonganb2@arizona.edu,Male,82.130.177.21
400,Helaina,Burndred,hburndredb3@auda.org.au,Female,21.21.236.111
401,Millicent,Lokier,mlokierb4@sitemeter.com,Female,125.154.24.62
402,Kaitlyn,Paling,kpalingb5@businessinsider.com,Female,144.48.26.192
403,Nester,Goodbarr,ngoodbarrb6@twitter.com,Male,163.3.202.100
404,Miof mela,Prout,mproutb7@goo.ne.jp,Female,84.141.229.177
405,Friedrick,Andrivel,fandrivelb8@dot.gov,Male,19.196.147.236
406,Robinette,O'Dowling,rodowlingb9@youku.com,Female,3.57.187.191
407,Branden,Spawton,bspawtonba@biglobe.ne.jp,Male,189.177.88.11
408,Ellyn,Slorach,eslorachbb@businessweek.com,Female,20.4.237.106
409,Lisa,Harrington,lharringtonbc@ucla.edu,Female,21.207.201.177
410,Nanci,Measen,nmeasenbd@posterous.com,Female,177.128.182.144
411,Peadar,Tuft,ptuftbe@cocolog-nifty.com,Male,234.156.32.146
412,Kattie,Blackeby,kblackebybf@upenn.edu,Female,38.50.96.14
413,Michael,McKissack,mmckissackbg@fda.gov,Male,68.94.127.63
414,Gustav,Grierson,ggriersonbh@weibo.com,Male,71.188.254.104
415,Mendie,Suff,msuffbi@psu.edu,Bigender,157.45.117.45
416,Valina,Claxson,vclaxsonbj@howstuffworks.com,Female,225.76.88.99
417,Leonid,Berthot,lberthotbk@cdc.gov,Male,248.2.202.146
418,Rani,Allpress,rallpressbl@typepad.com,Female,141.111.131.88
419,Barton,Kuban,bkubanbm@foxnews.com,Male,186.241.121.93
420,Sheridan,Greggersen,sgreggersenbn@uol.com.br,Male,0.113.62.235
421,Ramsay,Satchel,rsatchelbo@scientificamerican.com,Male,73.218.199.118
422,Fitz,Ivshin,fivshinbp@ucla.edu,Male,78.127.20.195
423,Merlina,Leuchars,mleucharsbq@apple.com,Female,172.69.118.47
424,Glynda,Czajkowska,gczajkowskabr@sfgate.com,Female,144.10.49.254
425,Bryanty,Arbuckel,barbuckelbs@nydailynews.com,Male,126.7.210.143
426,Robby,Corballis,rcorballisbt@cdbaby.com,Female,13.71.11.61
427,Tiphani,Birth,tbirthbu@kickstarter.com,Female,31.194.134.27
428,Daisy,O'Carran,docarranbv@theatlantic.com,Female,114.84.247.75
429,Terri,Deyenhardt,tdeyenhardtbw@last.fm,Male,253.109.42.13
430,Coleen,Ilive,cilivebx@digg.com,Female,56.159.200.142
431,Bridie,Bickerstasse,bbickerstasseby@irs.gov,Female,99.74.251.253
432,Kelsey,Joule,kjoulebz@gizmodo.com,Female,119.239.187.87
433,Roman,Aleksankin,raleksankinc0@prlog.org,Male,140.40.138.215
434,Dewey,Smoth,dsmothc1@cdbaby.com,Male,18.45.209.21
435,Decca,Hotton,dhottonc2@hugedomains.com,Male,244.3.88.133
436,Wandie,Rushford,wrushfordc3@amazonaws.com,Female,67.67.172.199
437,Abagael,Shearstone,ashearstonec4@networkadvertising.org,Female,150.74.41.239
438,Sofie,Bowller,sbowllerc5@washingtonpost.com,Female,16.193.41.17
439,Hakim,Postles,hpostlesc6@howstuffworks.com,Male,128.198.184.114
440,Sheila-kathryn,Mussington,smussingtonc7@istockphoto.com,Female,178.192.62.91
441,Rollo,Zanussii,rzanussiic8@github.com,Male,58.222.158.16
442,Darbee,Gresley,dgresleyc9@patch.com,Male,15.156.247.219
443,Trina,Ripley,tripleyca@qq.com,Female,61.220.175.180
444,Heida,Pimlett,hpimlettcb@google.it,Female,151.227.252.21
445,Kissee,Wickstead,kwicksteadcc@sogou.com,Female,197.136.6.76
446,Laverne,Deners,ldenerscd@npr.org,Female,96.127.203.85
447,Darnell,Tripony,dtriponyce@quantcast.com,Agender,104.132.118.24
448,Alma,Binding,abindingcf@go.com,Female,140.126.60.52
449,Becka,Alelsandrowicz,balelsandrowiczcg@delicious.com,Female,110.63.180.195
450,Rycca,Gallamore,rgallamorech@list-manage.com,Female,249.31.122.188
451,Muffin,Patise,mpatiseci@topsy.com,Male,35.75.53.99
452,Madonna,Milton-White,mmiltonwhitecj@taobao.com,Bigender,41.194.179.146
453,Avram,Gynn,agynnck@census.gov,Male,131.145.82.95
454,Elyn,Goodlad,egoodladcl@arstechnica.com,Female,211.217.240.232
455,Gualterio,Barth,gbarthcm@opera.com,Male,169.25.81.171
456,Caterina,Kernaghan,ckernaghancn@webs.com,Female,180.201.62.218
457,Barret,Benn,bbennco@last.fm,Male,61.48.90.73
458,Jeanne,Cottem,jcottemcp@issuu.com,Genderfluid,140.227.147.51
459,Fee,Drew-Clifton,fdrewcliftoncq@clickbank.net,Male,52.150.64.26
460,Essa,Stubbin,estubbincr@ed.gov,Female,194.233.38.56
461,Westbrook,Cordeiro,wcordeirocs@google.it,Male,236.239.128.231
462,Bearnard,Clear,bclearct@cbsnews.com,Male,185.193.33.49
463,Tillie,Toal,ttoalcu@wikia.com,Female,2.58.193.201
464,Taddeo,Tewnion,ttewnioncv@soundcloud.com,Male,121.69.253.242
465,Felix,Corbett,fcorbettcw@washington.edu,Male,253.250.233.144
466,Haroun,Reilly,hreillycx@hostgator.com,Male,151.235.164.19
467,Mimi,Gason,mgasoncy@ucsd.edu,Female,12.253.99.19
468,Micaela,Hutchason,mhutchasoncz@umich.edu,Female,20.208.164.18
469,Ayn,Winram,awinramd0@clickbank.net,Agender,162.2.227.200
470,Glenn,Thebeau,gthebeaud1@xrea.com,Male,111.226.137.134
471,Neils,Seston,nsestond2@princeton.edu,Male,115.217.41.14
472,Cyrill,Klemencic,cklemencicd3@e-recht24.de,Male,121.250.7.227
473,Allen,Pavitt,apavittd4@webeden.co.uk,Male,21.60.76.148
474,Penny,Vest,pvestd5@irs.gov,Male,82.40.92.48
475,Adelina,Blackster,ablacksterd6@oakley.com,Female,91.108.213.49
476,Lauritz,Myerscough,lmyerscoughd7@technorati.com,Male,206.19.87.219
477,Matthaeus,Waldrum,mwaldrumd8@webeden.co.uk,Male,219.193.50.132
478,Rosaleen,Sandells,rsandellsd9@odnoklassniki.ru,Female,112.102.61.218
479,Delmor,Wetherell,dwetherellda@bravesites.com,Male,161.70.16.2
480,Edward,Palombi,epalombidb@ca.gov,Male,21.29.230.47
481,Brett,Robottham,brobotthamdc@examiner.com,Male,124.36.178.160
482,Jerrie,Phillimore,jphillimoredd@gnu.org,Female,12.197.45.152
483,Laverna,Gadman,lgadmande@cbslocal.com,Female,175.18.172.82
484,Halsy,Bunten,hbuntendf@yellowbook.com,Male,139.62.33.38
485,Benito,McGregor,bmcgregordg@wufoo.com,Male,73.33.62.215
486,Bekki,McKernon,bmckernondh@examiner.com,Female,81.119.112.152
487,Tommy,Yerrell,tyerrelldi@hatena.ne.jp,Male,211.218.73.48
488,Loria,Jarritt,ljarrittdj@tmall.com,Female,36.21.123.229
489,Kilian,Titheridge,ktitheridgedk@princeton.edu,Male,118.146.153.208
490,Bernardina,Dunckley,bdunckleydl@pbs.org,Female,157.16.92.38
491,Dene,Baudet,dbaudetdm@usgs.gov,Male,168.97.39.213
492,Joye,Izzat,jizzatdn@state.gov,Female,8.213.144.233
493,Kristopher,Velte,kveltedo@godaddy.com,Polygender,8.49.146.46
494,Pip,Oldacre,poldacredp@newyorker.com,Male,68.107.242.6
495,Tessy,Mar,tmardq@berkeley.edu,Polygender,199.213.117.229
496,Yardley,Aish,yaishdr@friendfeed.com,Male,132.110.56.146
497,Franklyn,Clementi,fclementids@berkeley.edu,Non-binary,86.82.220.114
498,Lynne,Swanne,lswannedt@oracle.com,Female,23.23.26.19
499,Niall,Lavender,nlavenderdu@imageshack.us,Male,252.18.115.17
500,Claiborn,Teasdale,cteasdaledv@example.com,Male,45.151.123.117
501,Emory,Mozzini,emozzinidw@scientificamerican.com,Polygender,156.224.196.116
502,Leslie,Kenworthy,lkenworthydx@nba.com,Male,109.15.232.194
503,Fey,Huge,fhugedy@nytimes.com,Female,168.147.53.131
504,Dody,Hunnisett,dhunnisettdz@joomla.org,Female,174.194.123.6
505,Carmina,Rumney,crumneye0@reference.com,Female,182.133.134.255
506,Lyda,Fallanche,lfallanchee1@123-reg.co.uk,Female,237.210.120.236
507,Franzen,O'Gaven,fogavene2@gnu.org,Male,130.225.185.250
508,Jacquie,Hookes,jhookese3@squarespace.com,Female,189.193.72.174
509,Klemens,Ganforthe,kganforthee4@cam.ac.uk,Male,225.194.35.33
510,Zabrina,Lansdown,zlansdowne5@ucsd.edu,Female,77.170.124.137
511,Phelia,Tuckey,ptuckeye6@flavors.me,Female,146.168.1.136
512,Bee,Adiscot,badiscote7@indiatimes.com,Female,194.108.155.190
513,Tracee,Gush,tgushe8@auda.org.au,Female,202.92.61.103
514,Selma,Kristoffersen,skristoffersene9@admin.ch,Female,221.98.225.158
515,Vick,Egerton,vegertonea@patch.com,Male,138.61.111.53
516,Allie,Cristou,acristoueb@ted.com,Male,87.77.122.109
517,Philipa,Hrachovec,phrachovecec@oakley.com,Female,173.221.218.201
518,Shelby,Sevior,sseviored@wordpress.org,Female,199.12.243.80
519,Hamil,Northrop,hnorthropee@slate.com,Male,62.130.81.125
520,Zola,Heindrick,zheindrickef@xing.com,Female,79.60.67.71
521,Rivalee,Hegg,rheggeg@seesaa.net,Agender,233.241.224.229
522,Gauthier,Swanston,gswanstoneh@reuters.com,Male,21.117.70.85
523,Evita,Onions,eonionsei@umn.edu,Female,151.40.39.236
524,Lionel,Carnier,lcarnierej@reference.com,Male,130.241.141.249
525,Enrico,Cristofanini,ecristofaniniek@ox.ac.uk,Male,68.211.31.100
526,Alec,Bilton,abiltonel@wp.com,Male,236.57.223.12
527,Hall,Ayshford,hayshfordem@behance.net,Male,241.117.66.8
528,Myrtle,Everington,meveringtonen@xinhuanet.com,Female,254.58.100.180
529,Shalom,Rockell,srockelleo@tumblr.com,Male,169.221.54.18
530,Cazzie,Lars,clarsep@nytimes.com,Male,62.228.191.124
531,Erskine,Polgreen,epolgreeneq@github.com,Male,20.248.97.35
532,Etienne,Milesop,emilesoper@dagondesign.com,Male,146.73.22.137
533,Troy,Dannatt,tdannattes@columbia.edu,Male,185.83.145.184
534,Willey,Paliser,wpaliseret@umn.edu,Male,227.56.133.103
535,Olympie,Shickle,oshickleeu@1688.com,Female,70.142.150.99
536,Winnie,Measen,wmeasenev@ucla.edu,Female,96.105.89.140
537,Aggi,Rabier,arabierew@123-reg.co.uk,Female,24.221.116.83
538,Melanie,Matteoni,mmatteoniex@blogger.com,Agender,70.52.57.13
539,Aggi,Bearcroft,abearcroftey@sitemeter.com,Female,221.58.194.167
540,Derby,Siret,dsiretez@yolasite.com,Male,112.254.163.105
541,Mathew,Chart,mchartf0@oaic.gov.au,Male,161.251.119.207
542,Rebekkah,Petrik,rpetrikf1@dropbox.com,Female,23.160.23.203
543,Alicea,Hullins,ahullinsf2@friendfeed.com,Female,107.84.212.226
544,Lulu,Selbie,lselbief3@illinois.edu,Female,18.36.71.143
545,Lazarus,Cribbott,lcribbottf4@comsenz.com,Male,88.161.150.26
546,Moishe,Bebbington,mbebbingtonf5@chron.com,Bigender,72.36.75.185
547,Beau,Shelly,bshellyf6@biglobe.ne.jp,Male,50.176.147.233
548,Web,Tomaszczyk,wtomaszczykf7@wiley.com,Male,222.130.147.106
549,Ettie,Tretwell,etretwellf8@oaic.gov.au,Female,111.34.98.29
550,Riley,Pitfield,rpitfieldf9@delicious.com,Male,221.171.20.243
551,Konrad,McGaughay,kmcgaughayfa@cmu.edu,Male,217.25.155.150
552,Grove,MacGuiness,gmacguinessfb@ezinearticles.com,Male,244.252.112.188
553,Mitchell,Aldis,maldisfc@ucoz.ru,Male,202.220.17.221
554,Merwin,Reeds,mreedsfd@google.com,Male,243.200.178.55
555,Lucy,Varran,lvarranfe@geocities.com,Female,186.245.32.19
556,Justen,Sinisbury,jsinisburyff@state.tx.us,Male,125.104.90.209
557,Nedda,Toffano,ntoffanofg@zdnet.com,Female,203.20.1.219
558,Bink,Gelardi,bgelardifh@wikimedia.org,Male,118.235.181.55
559,Brucie,Del Dello,bdeldellofi@google.com.br,Male,55.202.96.44
560,Jamesy,Saxby,jsaxbyfj@about.me,Male,13.249.17.150
561,Billie,How,bhowfk@soundcloud.com,Male,110.86.164.92
562,Verine,Eisikowitch,veisikowitchfl@cbslocal.com,Female,167.37.98.175
563,Abbie,Danks,adanksfm@ovh.net,Male,82.91.125.205
564,Cobby,Kearle,ckearlefn@adobe.com,Male,51.188.239.63
565,Tatum,Payn,tpaynfo@cargocollective.com,Female,96.254.86.42
566,Kris,Von Welldun,kvonwelldunfp@pagesperso-orange.fr,Male,49.196.122.73
567,Devy,Bellham,dbellhamfq@multiply.com,Male,107.233.176.155
568,Claudian,Shurmore,cshurmorefr@japanpost.jp,Male,182.237.10.90
569,Travis,Tichelaar,ttichelaarfs@goo.gl,Male,170.39.140.145
570,Zak,Braybrookes,zbraybrookesft@admin.ch,Male,119.107.212.231
571,Guy,Linch,glinchfu@globo.com,Male,89.217.231.139
572,Albertine,Allmond,aallmondfv@unc.edu,Female,187.157.91.152
573,Feodor,Ridgewell,fridgewellfw@guardian.co.uk,Male,205.94.138.53
574,Dahlia,Gouth,dgouthfx@businessinsider.com,Agender,146.220.173.230
575,Auria,Goldster,agoldsterfy@irs.gov,Female,175.150.39.37
576,Pietro,Lighterness,plighternessfz@wired.com,Male,113.5.137.25
577,Dode,Forton,dfortong0@reuters.com,Female,42.132.23.124
578,Ashlee,Pooly,apoolyg1@uiuc.edu,Female,239.139.246.239
579,Tyne,Minichillo,tminichillog2@blinklist.com,Female,12.140.244.7
580,Jeanette,Pollastrone,jpollastroneg3@cam.ac.uk,Female,223.165.11.150
581,Hunt,Fielders,hfieldersg4@cornell.edu,Male,72.118.247.40
582,Rodrique,Naisby,rnaisbyg5@last.fm,Male,19.117.151.255
583,Boycey,Rymell,brymellg6@meetup.com,Male,115.45.86.238
584,Wren,Filpi,wfilpig7@newsvine.com,Female,39.82.41.244
585,Horatia,Portlock,hportlockg8@quantcast.com,Female,62.130.29.152
586,Andrej,Longhi,alonghig9@t-online.de,Male,156.94.150.223
587,Boone,Sarfati,bsarfatiga@liveinternet.ru,Male,179.230.42.212
588,Katerine,Sculpher,ksculphergb@canalblog.com,Female,79.183.97.158
589,Murvyn,Pinn,mpinngc@drupal.org,Male,89.148.41.226
590,Ware,Broughton,wbroughtongd@hibu.com,Male,227.229.197.247
591,Jacinthe,Devonish,jdevonishge@hud.gov,Female,151.0.4.238
592,Marlow,Simkin,msimkingf@amazon.com,Male,172.112.209.229
593,Isacco,Gaylard,igaylardgg@sfgate.com,Male,90.216.129.1
594,Vincent,Cleghorn,vcleghorngh@walmart.com,Male,45.208.183.147
595,Jeremiah,Benedtti,jbenedttigi@jalbum.net,Male,118.16.127.39
596,Nataline,Rothchild,nrothchildgj@amazon.de,Female,44.107.198.126
597,Elsworth,Mariet,emarietgk@google.com.br,Male,206.250.134.200
598,Blinni,Styant,bstyantgl@mac.com,Female,189.253.81.240
599,Cecilla,Trelease,ctreleasegm@si.edu,Female,203.48.221.143
600,Darline,Jakubowicz,djakubowiczgn@fema.gov,Female,71.31.149.103
601,Hughie,Clarae,hclaraego@uol.com.br,Male,145.122.2.44
602,Katharyn,Gawn,kgawngp@salon.com,Female,129.133.10.100
603,Agustin,Gellert,agellertgq@yolasite.com,Male,62.112.73.211
604,Bordie,Hauck,bhauckgr@webeden.co.uk,Male,151.220.191.127
605,Ruy,Russon,rrussongs@jimdo.com,Male,215.134.73.24
606,Valdemar,McCawley,vmccawleygt@cocolog-nifty.com,Male,57.149.30.23
607,Sigismondo,Merman,smermangu@github.com,Male,240.32.203.184
608,Hilly,Blakeney,hblakeneygv@dion.ne.jp,Male,198.51.197.60
609,Joseito,Veldens,jveldensgw@miitbeian.gov.cn,Male,10.1.249.63
610,Shannah,Aronowicz,saronowiczgx@booking.com,Female,65.32.19.220
611,Roxi,Cambling,rcamblinggy@mit.edu,Female,165.123.104.137
612,Donia,Isles,dislesgz@homestead.com,Female,74.215.105.203
613,Barbara,Torritti,btorrittih0@clickbank.net,Female,227.23.201.220
614,Kort,Constantinou,kconstantinouh1@hubpages.com,Male,149.201.243.60
615,Godfree,Winchcum,gwinchcumh2@privacy.gov.au,Male,152.51.87.200
616,Abner,Shreve,ashreveh3@admin.ch,Male,222.209.195.36
617,Simona,Abys,sabysh4@hud.gov,Polygender,154.251.228.201
618,Concettina,Poate,cpoateh5@craigslist.org,Female,6.239.196.75
619,Quint,Kirimaa,qkirimaah6@thetimes.co.uk,Male,162.48.57.216
620,Nataniel,Hart,nharth7@hugedomains.com,Male,165.143.254.233
621,Freida,Bettley,fbettleyh8@reference.com,Female,146.141.235.144
622,Inesita,Maddigan,imaddiganh9@nbcnews.com,Female,27.70.152.61
623,Jake,Laing,jlaingha@usgs.gov,Male,148.241.95.244
624,Jamima,Hurry,jhurryhb@addthis.com,Female,20.42.82.160
625,Frasquito,Ducarel,fducarelhc@ucoz.com,Male,2.128.45.41
626,Frederique,Marzella,fmarzellahd@eepurl.com,Female,190.31.201.173
627,Karoly,Minnis,kminnishe@t.co,Female,226.138.218.39
628,Fayre,Voice,fvoicehf@webeden.co.uk,Polygender,96.153.245.175
629,Roman,Barson,rbarsonhg@addthis.com,Male,129.6.164.54
630,Zacharias,Thomel,zthomelhh@printfriendly.com,Male,45.33.66.51
631,Luke,Vallis,lvallishi@theglobeandmail.com,Male,61.232.206.78
632,Biddy,Moreby,bmorebyhj@ehow.com,Female,147.66.175.200
633,Othelia,Rosenbusch,orosenbuschhk@mozilla.org,Female,139.142.217.201
634,Angie,Botger,abotgerhl@twitter.com,Non-binary,193.68.156.241
635,Dulcea,Vasenkov,dvasenkovhm@a8.net,Female,234.157.222.200
636,Gwendolin,Lille,glillehn@deliciousdays.com,Female,107.46.166.19
637,Maurita,Prier,mprierho@ow.ly,Female,201.195.248.202
638,Lonee,Grindell,lgrindellhp@usda.gov,Female,178.13.12.73
639,Jojo,Osgardby,josgardbyhq@ed.gov,Female,186.108.236.20
640,Shannon,Duplain,sduplainhr@alexa.com,Female,208.230.219.121
641,Serena,Kippins,skippinshs@privacy.gov.au,Female,110.16.72.124
642,Alfy,Settle,asettleht@live.com,Female,30.134.95.134
643,Darline,Gosnold,dgosnoldhu@unblog.fr,Female,136.23.78.47
644,Gerty,Blaszczyk,gblaszczykhv@pcworld.com,Female,177.214.30.19
645,Hunfredo,Bedham,hbedhamhw@hubpages.com,Male,168.44.50.169
646,Kermit,Catherine,kcatherinehx@omniture.com,Male,142.40.154.193
647,Ginnifer,Leteurtre,gleteurtrehy@soup.io,Female,179.113.4.176
648,Elvina,Westover,ewestoverhz@prweb.com,Female,15.154.252.235
649,Tomkin,Osgarby,tosgarbyi0@youku.com,Non-binary,73.43.159.36
650,Ad,Glasspoole,aglasspoolei1@google.com.br,Male,194.130.210.219
651,Edith,Bettam,ebettami2@spiegel.de,Female,124.123.146.62
652,Melitta,Leckie,mleckiei3@utexas.edu,Female,73.24.16.197
653,Sanford,Carbett,scarbetti4@xing.com,Male,22.42.250.138
654,Conni,Brommage,cbrommagei5@sohu.com,Female,65.211.41.146
655,Ryley,Letertre,rletertrei6@paypal.com,Male,31.169.117.149
656,Garrek,Rosenwasser,grosenwasseri7@samsung.com,Male,89.223.41.65
657,Towny,Cheesworth,tcheesworthi8@amazonaws.com,Male,41.173.201.9
658,Lyndsie,Limmer,llimmeri9@yellowbook.com,Female,24.25.181.232
659,Abbi,Fendt,afendtia@sourceforge.net,Bigender,104.117.15.167
660,Hilliard,Duhig,hduhigib@tinyurl.com,Male,253.135.232.182
661,Mavis,Benko,mbenkoic@last.fm,Female,229.96.187.44
662,Larisa,Lynes,llynesid@bbb.org,Female,26.98.153.54
663,Marleah,Cork,mcorkie@4shared.com,Female,80.48.167.112
664,Richy,Boseley,rboseleyif@prlog.org,Male,9.144.243.226
665,Casper,Nend,cnendig@wufoo.com,Bigender,172.193.88.23
666,Fabien,Dewerson,fdewersonih@epa.gov,Male,97.220.168.122
667,Jeanelle,Penfold,jpenfoldii@ibm.com,Female,179.7.83.130
668,Kilian,Palle,kpalleij@vistaprint.com,Male,223.37.6.182
669,Jeanelle,Dunlap,jdunlapik@quantcast.com,Female,156.95.113.26
670,Vannie,Croyser,vcroyseril@themeforest.net,Female,157.231.199.11
671,Claudianus,Smickle,csmickleim@slideshare.net,Male,85.246.219.239
672,Killie,McQuirk,kmcquirkin@uol.com.br,Male,167.183.124.72
673,Remy,Ornillos,rornillosio@canalblog.com,Female,242.184.239.195
674,Justin,Gomme,jgommeip@sakura.ne.jp,Male,86.215.217.19
675,Lura,Francesco,lfrancescoiq@apple.com,Female,87.72.133.183
676,Benedetto,Leet,bleetir@ucoz.com,Male,149.53.178.219
677,Rosy,Worner,rworneris@hatena.ne.jp,Female,100.117.41.8
678,Elwood,Braden,ebradenit@deliciousdays.com,Male,253.126.47.165
679,Page,Cromblehome,pcromblehomeiu@washington.edu,Female,247.49.134.71
680,Muffin,Peto,mpetoiv@blogs.com,Male,47.195.235.211
681,Ame,Cicci,acicciiw@apple.com,Female,101.51.212.59
682,Jethro,Coulbeck,jcoulbeckix@go.com,Male,124.236.124.232
683,Domenico,Castree,dcastreeiy@bluehost.com,Polygender,75.229.80.40
684,Francesco,Eynald,feynaldiz@toplist.cz,Male,184.210.239.179
685,Lindi,Coldman,lcoldmanj0@engadget.com,Female,163.213.22.227
686,Gilda,Kell,gkellj1@trellian.com,Female,194.153.99.13
687,Gerty,Fluger,gflugerj2@youtu.be,Female,207.191.81.74
688,Burlie,Pepis,bpepisj3@census.gov,Male,22.120.62.46
689,Benton,Dye,bdyej4@cbsnews.com,Male,12.194.153.16
690,Florina,Niles,fnilesj5@delicious.com,Female,187.82.254.207
691,Glendon,Bysouth,gbysouthj6@tmall.com,Male,199.117.101.159
692,Rollo,Andriessen,randriessenj7@biblegateway.com,Male,121.88.12.166
693,Jelene,Delagnes,jdelagnesj8@harvard.edu,Female,36.178.48.140
694,Hernando,Craigg,hcraiggj9@noaa.gov,Male,121.64.23.178
695,Teresina,Reisk,treiskja@gravatar.com,Female,34.36.75.212
696,Zackariah,Maseres,zmaseresjb@netscape.com,Male,129.199.135.50
697,Mair,Bowring,mbowringjc@twitpic.com,Female,217.59.151.149
698,Jeffy,Bee,jbeejd@springer.com,Male,222.41.49.171
699,Tris,Bullcock,tbullcockje@creativecommons.org,Genderqueer,248.61.220.218
700,Leanora,Bowhey,lbowheyjf@blogs.com,Female,85.237.106.117
701,Lauri,Gottelier,lgottelierjg@youku.com,Female,207.41.132.202
702,Karlens,Perton,kpertonjh@dmoz.org,Male,219.79.211.246
703,Leelah,Soeiro,lsoeiroji@com.com,Female,233.194.253.119
704,Galen,Bloxham,gbloxhamjj@hao123.com,Male,223.244.179.105
705,Lotta,Huggons,lhuggonsjk@vkontakte.ru,Female,17.163.46.63
706,Hermon,Borzone,hborzonejl@bing.com,Male,27.183.104.192
707,Barny,Sparks,bsparksjm@clickbank.net,Male,233.58.215.144
708,Donal,Reymers,dreymersjn@topsy.com,Male,103.172.209.227
709,Jaquenetta,Kington,jkingtonjo@goodreads.com,Female,11.74.115.195
710,Roi,Sandcroft,rsandcroftjp@vimeo.com,Male,141.221.55.68
711,Jenilee,Livesey,jliveseyjq@people.com.cn,Female,188.137.182.242
712,Farra,Currer,fcurrerjr@thetimes.co.uk,Female,26.33.33.57
713,Sophi,Mushett,smushettjs@accuweather.com,Female,61.61.179.254
714,Law,Bartlet,lbartletjt@ning.com,Male,134.87.171.76
715,Hermon,Layman,hlaymanju@microsoft.com,Male,36.188.182.67
716,Evy,Wethered,ewetheredjv@nytimes.com,Female,137.223.179.213
717,Selby,Haggerwood,shaggerwoodjw@naver.com,Male,109.98.89.126
718,Peggi,Remmer,premmerjx@sun.com,Female,125.34.59.143
719,Stillmann,Watmough,swatmoughjy@imdb.com,Male,216.241.106.203
720,Berk,Dorrington,bdorringtonjz@topsy.com,Male,65.88.77.144
721,Jayson,Brealey,jbrealeyk0@ehow.com,Male,74.50.99.114
722,Page,Conaghy,pconaghyk1@google.com.hk,Female,77.5.35.42
723,Shelbi,Maffioni,smaffionik2@dailymail.co.uk,Genderqueer,61.139.87.63
724,Lenee,Goscomb,lgoscombk3@bluehost.com,Female,7.206.198.18
725,Anabella,Goodluck,agoodluckk4@sourceforge.net,Genderqueer,59.39.210.111
726,Harvey,Stogill,hstogillk5@delicious.com,Genderfluid,118.47.182.131
727,Katuscha,Thormann,kthormannk6@free.fr,Female,116.135.109.214
728,Earl,Lea,eleak7@istockphoto.com,Male,21.236.43.228
729,Maynord,Castanos,mcastanosk8@artisteer.com,Male,43.82.55.6
730,Cassandry,Lilbourne,clilbournek9@booking.com,Agender,27.141.182.188
731,Marita,Littefair,mlittefairka@t.co,Genderqueer,129.246.3.251
732,Alley,Defty,adeftykb@illinois.edu,Male,92.34.56.180
733,Maximilian,Benedito,mbeneditokc@clickbank.net,Male,103.127.223.89
734,Jeanie,Burnett,jburnettkd@kickstarter.com,Female,68.236.188.206
735,Christabel,Payle,cpayleke@twitpic.com,Female,191.245.158.90
736,Cilka,Privett,cprivettkf@craigslist.org,Female,170.108.133.174
737,Noemi,Wasiela,nwasielakg@springer.com,Female,129.70.168.153
738,Regen,Garfirth,rgarfirthkh@example.com,Male,189.67.150.24
739,Trey,McConigal,tmcconigalki@adobe.com,Male,236.174.130.240
740,Nathaniel,Gantley,ngantleykj@privacy.gov.au,Male,193.98.222.90
741,Darrick,Osborne,dosbornekk@hubpages.com,Male,153.211.236.253
742,Fleming,Rogge,froggekl@bandcamp.com,Male,133.86.194.39
743,Elsinore,Kenton,ekentonkm@typepad.com,Female,220.147.141.134
744,Dilly,Matussov,dmatussovkn@time.com,Male,25.0.126.92
745,Jarrod,Kahan,jkahanko@nasa.gov,Genderfluid,84.53.134.44
746,Edmund,Laborda,elabordakp@yellowpages.com,Male,29.205.7.160
747,Dalis,Marzella,dmarzellakq@behance.net,Male,147.16.148.237
748,Penny,Hentze,phentzekr@hibu.com,Male,229.87.109.175
749,Georgeanne,Rispine,grispineks@dot.gov,Female,135.106.111.6
750,Alexander,Matzel,amatzelkt@harvard.edu,Male,237.44.218.165
751,Dalis,Darte,ddarteku@ow.ly,Male,171.87.218.115
752,Hart,Mendonca,hmendoncakv@blog.com,Male,36.240.128.76
753,Amalia,McBride,amcbridekw@sitemeter.com,Female,164.135.103.39
754,Sam,Morforth,smorforthkx@yale.edu,Male,224.223.214.243
755,Brook,Mateescu,bmateescuky@sphinn.com,Male,154.67.26.54
756,Sybil,Rounsefull,srounsefullkz@reddit.com,Female,89.218.188.107
757,Eleanore,Gabbitas,egabbitasl0@hao123.com,Female,196.35.38.83
758,Raquel,Donaway,rdonawayl1@state.tx.us,Female,121.178.6.5
759,Alexander,Lawdham,alawdhaml2@digg.com,Male,237.231.163.143
760,Lorita,Comusso,lcomussol3@examiner.com,Genderfluid,164.74.90.91
761,Lanie,Zuan,lzuanl4@bloglovin.com,Male,120.240.228.86
762,Francklin,O'Carmody,focarmodyl5@pagesperso-orange.fr,Male,239.2.138.185
763,Allie,Di Biasio,adibiasiol6@dagondesign.com,Female,30.65.126.227
764,Shae,Ridoutt,sridouttl7@mashable.com,Female,123.193.110.229
765,Mufinella,Pantridge,mpantridgel8@google.co.uk,Female,70.48.171.0
766,Ines,Stitle,istitlel9@shareasale.com,Female,224.122.72.166
767,Vida,Brach,vbrachla@nsw.gov.au,Female,141.73.147.86
768,Whitney,Carnall,wcarnalllb@house.gov,Female,15.76.132.136
769,Darlleen,Cramp,dcramplc@wisc.edu,Female,45.72.55.34
770,Genevieve,Sings,gsingsld@bravesites.com,Female,130.71.103.21
771,Merrilee,Enric,menricle@harvard.edu,Female,254.162.73.63
772,Randal,Wrates,rwrateslf@merriam-webster.com,Male,214.66.221.36
773,Trip,Rummings,trummingslg@lycos.com,Male,29.219.183.128
774,Geordie,Piens,gpienslh@oracle.com,Male,122.55.64.223
775,Cam,Crannis,ccrannisli@last.fm,Female,92.126.214.166
776,Elfrieda,Iliff,eilifflj@ning.com,Female,193.54.45.121
777,Carlynn,Alderson,caldersonlk@ihg.com,Agender,74.7.120.207
778,Fenelia,Caulcott,fcaulcottll@hubpages.com,Female,189.23.145.243
779,Renaldo,Lewnden,rlewndenlm@hugedomains.com,Male,225.57.161.106
780,Sheelagh,Adacot,sadacotln@home.pl,Female,56.191.145.216
781,Thane,Crossgrove,tcrossgrovelo@phpbb.com,Male,154.109.107.198
782,Collen,Eytel,ceytellp@bizjournals.com,Female,202.5.163.212
783,Corilla,Hayden,chaydenlq@ning.com,Female,201.225.32.113
784,Elga,Reeveley,ereeveleylr@exblog.jp,Female,229.41.242.250
785,Silvano,Gilardi,sgilardils@house.gov,Male,69.14.2.22
786,Poul,Dransfield,pdransfieldlt@surveymonkey.com,Male,227.214.246.107
787,Yorgos,Dreng,ydrenglu@ocn.ne.jp,Male,28.170.201.72
788,Kelsey,Bohl,kbohllv@loc.gov,Female,92.191.104.98
789,Freddie,Ick,ficklw@webmd.com,Female,2.99.84.92
790,Alisun,Beacham,abeachamlx@netscape.com,Female,65.24.77.90
791,Dallis,Fogel,dfogelly@furl.net,Bigender,156.194.69.80
792,Rosella,Domegan,rdomeganlz@cornell.edu,Female,6.76.213.243
793,Kacey,Chillingsworth,kchillingsworthm0@altervista.org,Female,47.177.96.244
794,Adriano,Bridgeman,abridgemanm1@businessinsider.com,Male,211.133.75.53
795,Gawain,Magarrell,gmagarrellm2@usa.gov,Male,95.5.74.26
796,Bar,Goozee,bgoozeem3@odnoklassniki.ru,Genderfluid,157.36.11.28
797,Shannon,Pilley,spilleym4@microsoft.com,Female,136.116.14.196
798,Claire,Hempel,chempelm5@prnewswire.com,Male,49.27.94.111
799,Julie,Jordeson,jjordesonm6@apple.com,Female,124.44.101.4
800,Ellary,Beton,ebetonm7@zimbio.com,Male,189.250.34.77
801,Diandra,Chessor,dchessorm8@google.fr,Female,241.202.114.56
802,Orella,Dannehl,odannehlm9@reddit.com,Female,56.64.150.81
803,Farra,Vannacci,fvannaccima@vkontakte.ru,Female,52.106.78.193
804,Irena,Kitney,ikitneymb@bigcartel.com,Female,68.6.228.163
805,Lowe,Children,lchildrenmc@elegantthemes.com,Male,186.8.195.37
806,Cele,Adderley,cadderleymd@sciencedirect.com,Female,208.228.236.255
807,Lauren,Rape,lrapeme@cbslocal.com,Male,70.211.81.7
808,Kenn,Phillput,kphillputmf@tripod.com,Male,233.110.71.234
809,Kathleen,Ancell,kancellmg@cloudflare.com,Female,210.243.54.111
810,Minnaminnie,Darlison,mdarlisonmh@odnoklassniki.ru,Genderqueer,240.55.69.164
811,Terrel,Remer,tremermi@deviantart.com,Male,213.138.179.186
812,Carlye,Bethell,cbethellmj@instagram.com,Female,125.80.224.155
813,Katuscha,Downs,kdownsmk@ucoz.com,Female,0.2.228.227
814,Pancho,McConaghy,pmcconaghyml@gmpg.org,Male,7.20.27.129
815,Boyd,Dukes,bdukesmm@upenn.edu,Male,83.61.175.43
816,Sven,Matveyev,smatveyevmn@rakuten.co.jp,Male,143.75.26.101
817,Maxie,Stannas,mstannasmo@state.gov,Male,7.243.138.105
818,Ced,Frankcom,cfrankcommp@toplist.cz,Genderqueer,47.66.232.197
819,Vergil,Woolley,vwoolleymq@privacy.gov.au,Agender,193.30.102.194
820,Augustine,Crus,acrusmr@goo.ne.jp,Male,56.42.8.155
821,Hendrika,Regitz,hregitzms@usa.gov,Female,210.111.236.0
822,Delila,Giercke,dgierckemt@ebay.com,Female,34.51.156.42
823,Pattie,McGreay,pmcgreaymu@yellowpages.com,Male,39.176.215.61
824,Liana,Castana,lcastanamv@sakura.ne.jp,Female,79.185.104.99
825,Sinclair,Van Velde,svanveldemw@gnu.org,Male,121.165.50.31
826,Flynn,Beecheno,fbeechenomx@oaic.gov.au,Male,73.140.34.57
827,Agretha,Murney,amurneymy@moonfruit.com,Female,197.135.30.124
828,Orv,Williams,owilliamsmz@abc.net.au,Male,49.177.20.189
829,Lorelei,Hellings,lhellingsn0@parallels.com,Female,29.231.27.73
830,Arlee,Itzkov,aitzkovn1@webeden.co.uk,Female,242.49.80.129
831,Dex,Northcliffe,dnorthcliffen2@google.cn,Male,47.122.134.58
832,Merill,Tandy,mtandyn3@businessinsider.com,Male,251.99.224.15
833,Donovan,Endrici,dendricin4@360.cn,Male,232.118.128.40
834,Dermot,Edgeller,dedgellern5@irs.gov,Genderqueer,236.26.27.25
835,Rusty,Abbyss,rabbyssn6@cloudflare.com,Male,45.118.123.79
836,Jorey,Kenset,jkensetn7@fda.gov,Female,107.72.239.179
837,Briny,Schwandermann,bschwandermannn8@canalblog.com,Female,201.254.101.161
838,Sergeant,Sushams,ssushamsn9@geocities.jp,Genderfluid,202.108.32.59
839,Marcela,Oakland,moaklandna@oaic.gov.au,Female,72.160.140.190
840,Marcela,Craigg,mcraiggnb@google.fr,Female,216.60.28.241
841,Alexandro,Daskiewicz,adaskiewicznc@bloglines.com,Male,123.84.91.148
842,Torin,MacGilrewy,tmacgilrewynd@ftc.gov,Male,115.230.10.111
843,Sabrina,Girk,sgirkne@booking.com,Female,243.175.145.236
844,Schuyler,Whewill,swhewillnf@nymag.com,Male,102.137.158.64
845,Guenevere,Beazley,gbeazleyng@google.cn,Female,213.68.102.51
846,Calley,Delacour,cdelacournh@elegantthemes.com,Female,154.160.132.15
847,Christy,Brecken,cbreckenni@archive.org,Male,136.200.170.167
848,Marcellina,Attridge,mattridgenj@sitemeter.com,Female,34.83.181.160
849,Tillie,Saxon,tsaxonnk@people.com.cn,Female,87.143.112.224
850,Mariska,Rubinovitch,mrubinovitchnl@ft.com,Female,118.74.80.162
851,Ron,Signe,rsignenm@engadget.com,Genderqueer,153.242.32.59
852,Tabbie,Flanaghan,tflanaghannn@ameblo.jp,Male,69.35.39.234
853,Burtie,Klimus,bklimusno@weibo.com,Male,119.74.92.30
854,Konstantine,Martijn,kmartijnnp@bbc.co.uk,Non-binary,116.253.98.180
855,Baily,Humbee,bhumbeenq@answers.com,Male,81.57.35.198
856,Darsie,Shervington,dshervingtonnr@edublogs.org,Female,132.44.203.5
857,Charmion,Cacacie,ccacaciens@yellowbook.com,Female,130.175.141.30
858,Elonore,Hirth,ehirthnt@telegraph.co.uk,Female,63.79.222.218
859,Neale,Klugel,nklugelnu@netlog.com,Male,63.58.220.101
860,Alasteir,Trahair,atrahairnv@icq.com,Male,54.228.145.152
861,Palm,Rewcastle,prewcastlenw@zimbio.com,Non-binary,79.118.42.1
862,Gar,Farnes,gfarnesnx@noaa.gov,Male,129.136.225.58
863,Nari,Willmetts,nwillmettsny@amazonaws.com,Female,121.52.64.245
864,Jerry,Seeger,jseegernz@zdnet.com,Male,136.57.123.253
865,Cacilie,Solly,csollyo0@nps.gov,Female,235.167.207.63
866,Jesus,O' Cloney,jocloneyo1@quantcast.com,Male,244.218.166.242
867,Domenico,Hekkert,dhekkerto2@feedburner.com,Male,174.70.64.152
868,Stephanus,Topes,stopeso3@fastcompany.com,Male,119.97.232.29
869,Bear,Arington,baringtono4@nydailynews.com,Male,58.106.81.232
870,Federico,Nono,fnonoo5@paginegialle.it,Male,204.142.62.244
871,Egor,Bourdas,ebourdaso6@typepad.com,Male,157.154.117.70
872,Edan,Luisetti,eluisettio7@plala.or.jp,Male,65.242.213.234
873,Gordan,Stollery,gstolleryo8@rambler.ru,Male,17.97.203.96
874,Davide,Scough,dscougho9@elegantthemes.com,Male,193.118.249.189
875,Maxi,Skamal,mskamaloa@imageshack.us,Female,76.63.219.208
876,Krystal,Valadez,kvaladezob@wp.com,Female,19.70.41.149
877,Aurthur,Pyecroft,apyecroftoc@sfgate.com,Male,177.145.193.234
878,Teena,Gallimore,tgallimoreod@youtube.com,Female,60.65.198.196
879,Leoine,Leare,lleareoe@eventbrite.com,Female,126.149.236.143
880,Hollyanne,Perkin,hperkinof@cnn.com,Female,154.48.180.220
881,Dina,Tideswell,dtideswellog@privacy.gov.au,Female,234.152.6.102
882,Windham,Wedlake,wwedlakeoh@prnewswire.com,Male,218.231.127.94
883,Ker,Kibbel,kkibbeloi@friendfeed.com,Male,234.130.116.185
884,Wallis,Angelini,wangelinioj@columbia.edu,Male,229.45.135.140
885,Darcey,Amiss,damissok@blog.com,Female,188.143.173.79
886,Jeanna,Uglow,juglowol@theglobeandmail.com,Female,90.107.57.229
887,Adler,Skaife,askaifeom@sphinn.com,Genderqueer,235.153.97.118
888,Syman,MacGillicuddy,smacgillicuddyon@pinterest.com,Male,62.160.203.124
889,Curcio,Coulling,ccoullingoo@yelp.com,Male,120.245.170.8
890,York,Lamberth,ylamberthop@paginegialle.it,Male,202.27.36.151
891,Collen,Corr,ccorroq@studiopress.com,Female,86.210.80.18
892,Avie,Jerok,ajerokor@wikimedia.org,Female,75.45.104.145
893,Mildrid,Stooke,mstookeos@ed.gov,Polygender,34.138.93.180
894,Jayson,Ritmeier,jritmeierot@moonfruit.com,Male,35.123.131.61
895,Sal,Gales,sgalesou@cmu.edu,Male,216.3.241.230
896,Fey,Place,fplaceov@hp.com,Female,175.197.109.132
897,Cynthie,Artus,cartusow@mac.com,Female,216.19.52.168
898,Eleen,Tomaszczyk,etomaszczykox@state.tx.us,Female,59.113.216.174
899,Levy,Makeswell,lmakeswelloy@w3.org,Male,131.126.30.163
900,Marney,Murrthum,mmurrthumoz@va.gov,Female,145.139.211.19
901,Kary,Rottery,krotteryp0@microsoft.com,Female,220.173.127.226
902,Juline,Scoggin,jscogginp1@xinhuanet.com,Female,61.132.24.121
903,Nance,Baake,nbaakep2@behance.net,Bigender,110.0.236.148
904,Blanch,Mara,bmarap3@e-recht24.de,Female,68.47.97.29
905,Kelila,Woolis,kwoolisp4@smugmug.com,Female,218.41.255.209
906,Lena,Ridgedell,lridgedellp5@tinypic.com,Agender,151.130.23.169
907,Colan,Goshawke,cgoshawkep6@mozilla.org,Male,126.123.109.65
908,Roseann,Challender,rchallenderp7@imageshack.us,Genderfluid,108.63.74.222
909,Enrika,Rosenstock,erosenstockp8@webnode.com,Female,56.14.6.145
910,Saudra,Bowcock,sbowcockp9@dyndns.org,Agender,177.109.235.160
911,Pancho,Opy,popypa@theglobeandmail.com,Male,222.48.79.208
912,Idalina,Meaden,imeadenpb@ehow.com,Female,183.240.87.157
913,Hillier,Housin,hhousinpc@ftc.gov,Male,77.161.218.255
914,Alexandre,Melarkey,amelarkeypd@dedecms.com,Male,59.109.253.103
915,Odetta,Arsnell,oarsnellpe@slideshare.net,Female,164.12.120.64
916,Bernarr,Haisell,bhaisellpf@wikipedia.org,Male,196.155.141.125
917,Kinna,Keough,kkeoughpg@yelp.com,Female,234.179.91.107
918,Elnar,Claire,eclaireph@merriam-webster.com,Male,103.180.255.57
919,Paule,Hutchison,phutchisonpi@about.com,Genderqueer,81.6.172.8
920,Billi,Gilloran,bgilloranpj@businessinsider.com,Female,35.44.165.75
921,Tilly,Crosfield,tcrosfieldpk@woothemes.com,Non-binary,85.30.67.200
922,Eleanora,Jerred,ejerredpl@deliciousdays.com,Polygender,199.40.93.17
923,Lily,Czaple,lczaplepm@infoseek.co.jp,Female,167.39.22.205
924,Forest,Aird,fairdpn@ebay.co.uk,Male,61.253.191.225
925,Salvidor,Aspell,saspellpo@ca.gov,Male,213.100.235.102
926,Rabi,Jiggins,rjigginspp@auda.org.au,Male,235.232.247.196
927,Josephine,Rolinson,jrolinsonpq@deviantart.com,Female,212.90.188.41
928,Jeffry,Southwood,jsouthwoodpr@yale.edu,Male,38.250.25.171
929,Aguie,Pashler,apashlerps@imageshack.us,Male,20.91.127.173
930,Demetri,Reuben,dreubenpt@naver.com,Male,141.92.14.9
931,Whit,Peter,wpeterpu@craigslist.org,Male,28.248.69.155
932,Emylee,Brereton,ebreretonpv@ifeng.com,Female,20.183.152.194
933,Erin,Landy,elandypw@craigslist.org,Female,9.52.80.192
934,Claudio,Mirralls,cmirrallspx@yolasite.com,Non-binary,106.226.66.234
935,Antoine,Bedenham,abedenhampy@mayoclinic.com,Male,35.125.101.176
936,Alonso,Caseri,acaseripz@squarespace.com,Male,56.30.21.179
937,Tobin,Stonner,tstonnerq0@usa.gov,Male,230.200.161.59
938,Brigham,Tunbridge,btunbridgeq1@mediafire.com,Male,0.63.103.210
939,Emma,Scouler,escoulerq2@wordpress.org,Polygender,17.36.178.8
940,Evvie,Andreia,eandreiaq3@reference.com,Female,85.255.4.75
941,Thorn,Duxbury,tduxburyq4@discovery.com,Male,109.63.253.29
942,Dorree,Winmill,dwinmillq5@storify.com,Female,90.42.1.84
943,Farlay,Shawcroft,fshawcroftq6@google.com,Polygender,27.166.240.130
944,Irina,Jorioz,ijoriozq7@google.com.au,Female,63.233.4.221
945,Hubie,Di Maggio,hdimaggioq8@jigsy.com,Male,84.200.56.147
946,Iggie,Danielsohn,idanielsohnq9@pagesperso-orange.fr,Male,16.71.114.84
947,Noell,Twydell,ntwydellqa@amazon.com,Female,98.76.59.244
948,Gilli,Robilliard,grobilliardqb@e-recht24.de,Female,111.109.77.97
949,Enrique,Canete,ecaneteqc@blogtalkradio.com,Male,137.125.141.239
950,Cornie,Garwill,cgarwillqd@1und1.de,Female,57.235.204.17
951,Kamillah,Raywood,kraywoodqe@huffingtonpost.com,Female,91.224.20.97
952,Sylvester,Harroway,sharrowayqf@netlog.com,Male,75.241.61.51
953,Nola,Jansik,njansikqg@wsj.com,Female,130.66.169.127
954,Seumas,Sutherns,ssuthernsqh@com.com,Male,104.135.125.70
955,Annabella,Lynn,alynnqi@thetimes.co.uk,Female,128.151.189.231
956,Chic,Tosh,ctoshqj@nbcnews.com,Male,70.34.138.174
957,Carlin,Prevost,cprevostqk@nyu.edu,Female,158.218.247.253
958,Hurley,Cochrane,hcochraneql@squidoo.com,Male,6.167.81.29
959,Cathee,Raoult,craoultqm@github.com,Female,88.98.219.227
960,Roana,Godon,rgodonqn@google.pl,Polygender,125.134.60.184
961,Ruggiero,Luxton,rluxtonqo@people.com.cn,Male,251.120.196.163
962,Urbano,Autry,uautryqp@joomla.org,Male,153.111.73.232
963,Aldrich,Ollivier,aollivierqq@census.gov,Male,22.216.59.192
964,Blair,Wrintmore,bwrintmoreqr@moonfruit.com,Male,9.21.46.223
965,Frannie,Rochester,frochesterqs@t-online.de,Male,238.245.254.122
966,Bernhard,Moth,bmothqt@feedburner.com,Non-binary,106.225.127.144
967,Cris,Gittings,cgittingsqu@studiopress.com,Female,110.194.82.84
968,Filbert,Dimock,fdimockqv@springer.com,Male,15.92.5.179
969,Wilburt,Gehrtz,wgehrtzqw@wikia.com,Male,54.248.86.62
970,Fedora,Soulsby,fsoulsbyqx@senate.gov,Female,134.79.35.14
971,Thurston,Wych,twychqy@cyberchimps.com,Male,234.71.56.105
972,Emelyne,Duffield,eduffieldqz@mlb.com,Female,173.69.190.5
973,Kelli,Cusack,kcusackr0@nifty.com,Female,157.75.163.71
974,Ahmad,Ossipenko,aossipenkor1@discovery.com,Male,11.143.135.73
975,Harald,Bellwood,hbellwoodr2@phpbb.com,Male,106.30.102.125
976,Olwen,Duham,oduhamr3@de.vu,Female,186.96.223.67
977,Ashia,Symcoxe,asymcoxer4@statcounter.com,Female,191.161.22.190
978,Emmeline,Corkett,ecorkettr5@wikia.com,Female,161.25.126.210
979,Tuck,Strevens,tstrevensr6@pinterest.com,Male,35.35.194.143
980,Charil,Kurt,ckurtr7@nps.gov,Female,115.87.45.71
981,Elbertine,Jozwiak,ejozwiakr8@is.gd,Female,164.32.39.104
982,Charita,Edmonston,cedmonstonr9@aol.com,Female,1.79.118.19
983,Sanders,Dufaur,sdufaurra@engadget.com,Male,241.233.92.236
984,Chere,Lomaz,clomazrb@lulu.com,Female,1.46.46.245
985,Cary,Burress,cburressrc@scribd.com,Male,22.207.51.122
986,Cecilius,Griffe,cgrifferd@miitbeian.gov.cn,Male,176.249.195.211
987,Luciano,McAmish,lmcamishre@posterous.com,Male,125.111.204.26
988,Drusi,Stonham,dstonhamrf@miibeian.gov.cn,Female,209.69.245.42
989,Kevan,Loynton,kloyntonrg@cbc.ca,Male,69.210.19.158
990,Vachel,Antusch,vantuschrh@instagram.com,Male,25.236.244.83
991,Dasha,Wardesworth,dwardesworthri@statcounter.com,Female,154.226.253.49
992,Dannie,Pindell,dpindellrj@ovh.net,Male,83.68.84.10
993,Hortense,Clamp,hclamprk@hatena.ne.jp,Female,163.19.38.201
994,Ingrid,Renvoys,irenvoysrl@sitemeter.com,Female,94.155.246.192
995,Zak,Gatley,zgatleyrm@cornell.edu,Male,160.52.172.106
996,Olive,Flexman,oflexmanrn@t-online.de,Female,252.139.224.171
997,Jo ann,Rowlin,jrowlinro@bluehost.com,Female,121.123.62.173
998,Simmonds,Cornforth,scornforthrp@sourceforge.net,Male,215.91.207.76
999,Sibilla,Gosnay,sgosnayrq@omniture.com,Female,234.230.31.33
1000,Bobby,Balasini,bbalasinirr@discovery.com,Female,39.124.106.36
